{"29": 0.2501733115479421, "32": 0.2452976842674862, "34": 0.23589695739810218, "33": 0.23243958105412454, "36": 0.22694217090665167, "37": 0.22262434112756807, "40": 0.2142933014070144, "41": 0.20635010771675158, "42": 0.2025173985325964, "44": 0.195117337922905, "46": 0.18464560451407, "45": 0.18805539832791246, "50": 0.1813137320351703, "28": 0.25517027568976164, "27": 0.2602920841291923, "22": 0.2736679042760747, "20": 0.28061962988483047, "19": 0.2821019889860959, "16": 0.30622144724070577, "14": 0.31264493728875536, "13": 0.3259977035645208, "11": 0.34317026164536324, "9": 0.34736913130016756, "8": 0.4043108122325315, "7": 0.41334873358248037, "6": 0.43217428363534593, "5": 0.4624078081735715, "4": 0.5068132228303153, "3": 0.5638283014668543, "2": 0.5697965876237561, "1": 0.5976055641155243, "12": 0.3400591425579444, "10": 0.3459546304410168, "15": 0.3100068720641761, "17": 0.29996002772672614, "18": 0.2962777353665661, "21": 0.2764433853119064, "26": 0.27092483807309425, "23": 0.27285507318335783, "24": 0.27256712430456825, "25": 0.27249816414889994, "30": 0.24675120132161094, "31": 0.2466923382630043, "35": 0.23194421247949007, "39": 0.21840898842799933, "38": 0.22145598546069623, "43": 0.19877394448631133, "47": 0.18388002973961748, "48": 0.18375594929908304, "49": 0.1836955073472338, "51": 0.17805771400706852, "53": 0.17487554510535727, "52": 0.1757911417497563, "55": 0.17176527954830823, "54": 0.1737334432553503, "57": 0.16872502915151602, "56": 0.17096544525650254, "58": 0.16575296145150661, "59": 0.16284729789568475, "60": 0.15722832814462018, "61": 0.1545117189871743, "63": 0.15185490485486888, "64": 0.14925635174981047, "62": 0.15317232046606014, "66": 0.14422811276653258, "65": 0.14920102720066997, "68": 0.13941559118942717, "67": 0.14402328583468857, "71": 0.1370868357186481, "69": 0.13856422150883757, "72": 0.13684635726149405, "73": 0.13257789246009533, "70": 0.13852886814244947, "75": 0.12825886991507388, "74": 0.131755781622389, "76": 0.12616764397197794, "77": 0.11450783618941023, "78": 0.11270300817577149, "80": 0.11093520895894661, "79": 0.1118267632653545, "84": 0.10920354619302891, "81": 0.10981809266295366, "82": 0.10967908381345942, "83": 0.10966486349032871, "86": 0.10750715187049009, "85": 0.10861599215325081, "89": 0.10584518158773018, "87": 0.1065423519465418, "88": 0.10652500177146729, "90": 0.10421681383477785, "91": 0.10262124930828535, "94": 0.09952543978888233, "92": 0.10153232133737954, "93": 0.10151926312660464, "97": 0.09802370134922106, "95": 0.09927471054553816, "96": 0.09510897198176346, "98": 0.09369460395189161, "99": 0.09230801262749598, "100": 0.09094855416347246}