{"9": 0.24882518713238608, "12": 0.2440999374577476, "13": 0.2269756557885309, "14": 0.22240091430069214, "16": 0.2169950096731547, "18": 0.21126473462629977, "21": 0.20934578837680926, "25": 0.2011687433319009, "26": 0.19722928371354556, "28": 0.1933854825093781, "31": 0.18963466138203863, "33": 0.18489526396573083, "34": 0.18240166229752902, "36": 0.1767812208174768, "39": 0.17218722523884944, "40": 0.16894253859295824, "42": 0.16577427710089115, "44": 0.16128933615108068, "48": 0.1567075338667305, "55": 0.1510086389371777, "49": 0.15457196038112292, "50": 0.15449320530171803, "8": 0.2516757649958378, "7": 0.28584450202026007, "6": 0.30505769051469356, "5": 0.3118105675874621, "4": 0.33319219075466044, "3": 0.34071349926740446, "2": 0.44921087762760725, "1": 0.47113465710808644, "11": 0.24648007677793726, "10": 0.24874334227219572, "15": 0.21793983752725957, "17": 0.21358917712981065, "19": 0.21078361398788756, "20": 0.21072799139368836, "23": 0.20520662652406274, "24": 0.20334712921222697, "22": 0.2056947601355673, "27": 0.19520751907161185, "30": 0.19125047672215173, "29": 0.1928529565066258, "32": 0.18597422582750786, "35": 0.17891453542892566, "38": 0.17551048537555902, "37": 0.17673724077351677, "41": 0.1677308092414279, "43": 0.16268035821794144, "47": 0.15965876297904086, "45": 0.16086010026713074, "46": 0.1608210771826965, "51": 0.15382477275660036, "56": 0.15008103292780592, "52": 0.15241665792347792, "53": 0.1520063994304848, "54": 0.15197276990441325, "57": 0.14825734720136965, "58": 0.14556916600668554, "60": 0.14294241570157823, "59": 0.14486778799110828, "61": 0.14037546681535445, "63": 0.13786673840920807, "62": 0.14031878033238554, "69": 0.1354146964860306, "70": 0.13301785245674957, "64": 0.13740308697669312, "65": 0.13717526022673956, "66": 0.13692667504032305, "67": 0.13684936646257484, "68": 0.13681169747248173, "73": 0.1306747616610366, "71": 0.13232094616416892, "74": 0.1300765512490071, "72": 0.13228062808983557, "77": 0.12838402194031512, "75": 0.129918057093557, "76": 0.1298801143471185, "83": 0.12395419138663442, "82": 0.12537083709188082, "79": 0.12701544288934027, "80": 0.12677142825112064, "78": 0.12732490163865523, "81": 0.12674919789696956, "86": 0.11971794244397199, "84": 0.12315097879109843, "85": 0.12311764812902913, "88": 0.11766931957356615, "89": 0.11749933230701211, "90": 0.11719287268487093, "91": 0.11695737355613466, "87": 0.11843696800530434, "95": 0.11296966059930073, "92": 0.11680567008546835, "93": 0.1160212253026046, "94": 0.11600543450165869, "101": 0.11110471629927242, "96": 0.11283033991606793, "97": 0.11280387161588763, "98": 0.11270237837113793, "99": 0.11220152531259325, "100": 0.11218549212503615}